IMO,Ship,Date,Port
9241061,Queen Mary 2,1/3/2026,"New York (Manhattan/Brooklyn), USA"
9241061,Queen Mary 2,1/11/2026,"Southampton, UK"
9241061,Queen Mary 2,1/19/2026,"New York, USA"
9241061,Queen Mary 2,1/23/2026,Willemstad (Curacao)
9241061,Queen Mary 2,1/25/2026,"Panama Canal, Panama"
9241061,Queen Mary 2,1/30/2026,"Manzanillo, Mexico"
9241061,Queen Mary 2,2/2/2026,"Los Angeles (San Pedro), USA"
9241061,Queen Mary 2,2/3/2026,"Los Angeles (San Pedro), USA"
9760512,MSC Meraviglia,1/11/2026,"New York (Brooklyn), USA"
9760512,MSC Meraviglia,1/13/2026,"Port Canaveral, USA"
9760512,MSC Meraviglia,1/14/2026,"Nassau, Bahamas"
9760512,MSC Meraviglia,1/15/2026,"Ocean Cay MSC Marine Reserve, Bahamas"
9760512,MSC Meraviglia,1/18/2026,"New York (Brooklyn), USA"
9760512,MSC Meraviglia,1/20/2026,"Port Canaveral, USA"
9760512,MSC Meraviglia,1/21/2026,"Ocean Cay MSC Marine Reserve, Bahamas"
9760512,MSC Meraviglia,1/22/2026,"Nassau, Bahamas"
9760512,MSC Meraviglia,1/25/2026,"New York (Brooklyn), USA"
9760512,MSC Meraviglia,1/27/2026,"Port Canaveral, USA"
9760512,MSC Meraviglia,1/28/2026,"Ocean Cay MSC Marine Reserve, Bahamas"
9760512,MSC Meraviglia,1/29/2026,"Nassau, Bahamas"
9760512,MSC Meraviglia,2/1/2026,"New York (Brooklyn), USA"
9760512,MSC Meraviglia,4/12/2026,"New York (Brooklyn), USA"
9760512,MSC Meraviglia,4/19/2026,"New York (Brooklyn), USA"
9760512,MSC Meraviglia,4/21/2026,"Halifax, Canada"
9760512,MSC Meraviglia,5/5/2026,"Barcelona, Spain"
9760512,MSC Meraviglia,5/9/2026,"Naples, Italy"
9760512,MSC Meraviglia,5/10/2026,"Livorno (Florence), Italy"
9807085,Seven Seas Splendor,8/11/2026,"Athens (Piraeus), Greece"
9807085,Seven Seas Splendor,8/13/2026,"Valletta, Malta"
9807085,Seven Seas Splendor,8/14/2026,"Naples, Italy"
9807085,Seven Seas Splendor,8/15/2026,"Rome (Civitavecchia), Italy"
9807085,Seven Seas Splendor,8/16/2026,"Livorno (Tuscany), Italy"
9807085,Seven Seas Splendor,8/17/2026,"Cannes, France"
9807085,Seven Seas Splendor,8/18/2026,"Barcelona, Spain"
9807085,Seven Seas Splendor,8/19/2026,"Barcelona, Spain"
9807085,Seven Seas Splendor,8/21/2026,"Malaga, Spain"
9807085,Seven Seas Splendor,8/22/2026,Portimao Portugal
9807085,Seven Seas Splendor,8/23/2026,"Lisbon, Portugal"
9807085,Seven Seas Splendor,8/24/2026,"Lisbon, Portugal"
9807085,Seven Seas Splendor,8/26/2026,"Ponta Delgada (Azores), Portugal"
9807085,Seven Seas Splendor,8/30/2026,"St. John's, Newfoundland, Canada"
9807085,Seven Seas Splendor,8/31/2026,"Saint-Pierre & Miquelon, France"
9807085,Seven Seas Splendor,9/1/2026,"Sydney, Nova Scotia, Canada"
9807085,Seven Seas Splendor,9/2/2026,"Halifax, Nova Scotia, Canada"
9807085,Seven Seas Splendor,9/3/2026,"Boston, USA"
9807085,Seven Seas Splendor,9/5/2026,"Newport, Rhode Island, USA"
9807085,Seven Seas Splendor,9/6/2026,"New York, USA"
9807085,Seven Seas Splendor,9/8/2026,"Saint John, New Brunswick, Canada"
9807085,Seven Seas Splendor,9/9/2026,"Halifax, Nova Scotia, Canada"
9807085,Seven Seas Splendor,9/10/2026,"Sydney, Nova Scotia, Canada"
9807085,Seven Seas Splendor,9/11/2026,"Charlottetown, Prince Edward Island, Canada"
9807085,Seven Seas Splendor,9/13/2026,"Gaspe, Quebec, Canada"
9807085,Seven Seas Splendor,9/15/2026,"Saguenay, Quebe, Canada"
9807085,Seven Seas Splendor,9/16/2026,"Quebec City, Quebec, Canada"
9807085,Seven Seas Splendor,9/17/2026,"Montreal, Quebec, Canada"
9807085,Seven Seas Splendor,10/9/2026,"New York, USA"
9807085,Seven Seas Splendor,10/20/2026,"Montreal, Quebec, Canada"
